max_pos,sizing,tp,sl,mh,trades,wr,ret,cagr,sharpe,dd
3,all_in,6,1.5,15,117,0.2905982905982906,2.4389449925736053,2.456542191165161,1.7912594513047977,0.36971079485698466
2,equal,6,1.5,10,107,0.40186915887850466,2.398745662543356,2.41597118056364,2.1606964283703776,0.31306770594306577
2,all_in,6,1.5,15,83,0.3132530120481928,2.2242145420041526,2.2398496586866363,1.774946329825101,0.34835474485682894
5,all_in,6,1.5,15,148,0.25,2.075007790687869,2.0893144364638108,1.7116122600535693,0.3780418948024912
2,equal,6,1.5,15,87,0.3793103448275862,1.8910279367932832,1.90373823466823,2.02964827652207,0.24240771586895787
5,equal,6,1.5,15,218,0.3440366972477064,1.5150016200805654,1.5246046974940541,2.3866570071613005,0.24040838590950506
5,all_in,6,2.0,15,148,0.32432432432432434,1.511974791334338,1.521553763626223,1.4726042899329528,0.453420054624086
3,equal,6,1.5,15,134,0.34328358208955223,1.311855360390867,1.3198752358997758,1.8101468734456956,0.2931863931449213
3,equal,5,2.0,15,141,0.3971631205673759,1.2832527321379925,1.291055521589946,1.6665850359830394,0.36091253393808237
5,equal,4,2.0,15,239,0.4435146443514644,1.2361324977948764,1.243580919779951,1.9627851732914978,0.2859710325397196
2,equal,5,2.0,10,106,0.39622641509433965,1.222336907845607,1.2296823586270507,1.4377609882331381,0.4897401562855153
2,all_in,6,1.0,15,104,0.25961538461538464,1.2052142639902996,1.2124324063208531,1.3085213330608207,0.6302953672591718
3,equal,5,1.5,10,168,0.39285714285714285,1.0377388811409434,1.0437416958321006,1.49340902039713,0.3702253744284781
2,equal,5,2.0,15,102,0.38235294117647056,1.0056464328813504,1.011422762088852,1.3340511524562246,0.5323410566219232
3,all_in,6,2.0,15,103,0.34951456310679613,0.9499541318094908,0.9553425167133673,1.18463993448152,0.4122184198572891
2,equal,4,2.0,10,111,0.46846846846846846,0.9105928967451202,0.9157110781414883,1.2220343471084527,0.4315127588081554
3,equal,6,2.0,15,121,0.371900826446281,0.8773764696147182,0.8822692519856017,1.4417031913906138,0.32146563736597095
5,equal,6,2.0,15,197,0.36548223350253806,0.80111175451875,0.8054963454361812,1.5682551969442096,0.23055337183898214
3,equal,5,2.0,10,145,0.4068965517241379,0.753273211843688,0.7573458505233273,1.198906887689058,0.40721515835684685
3,all_in,6,1.5,10,125,0.312,0.7494282796156766,0.7534760794800781,1.0651137281465777,0.48443177206555277
2,equal,6,2.0,15,77,0.4025974025974026,0.7390733800004441,0.7430544607167493,1.1682663074550974,0.3661595884410704
5,equal,4,1.5,15,294,0.3741496598639456,0.7380332881008913,0.7420076813970473,1.4674827378857693,0.2753252405629014
5,equal,6,1.0,10,324,0.2808641975308642,0.6884110217847541,0.6920693976588559,1.3782191842299554,0.20759828842485328
3,equal,4,1.5,15,155,0.3935483870967742,0.6798103986592614,0.6834146135483623,1.2008124405662066,0.28779942499670735
3,equal,6,1.0,15,183,0.2568306010928962,0.6737818140652394,0.6773481740536791,1.184725915806343,0.3812283804414978
5,all_in,6,1.0,15,183,0.22404371584699453,0.6501305106725814,0.653549233578637,1.0066792698690519,0.5079032082992554
2,equal,6,1.0,15,115,0.2782608695652174,0.6241648012847589,0.6274230639940581,1.0364266743144577,0.391468182936808
2,all_in,6,2.0,15,80,0.3625,0.5354622288767181,0.5381855274638254,0.9274915999930476,0.507996849383592
2,equal,6,2.0,10,95,0.37894736842105264,0.5220593569649861,0.5247036460534469,0.9408054106989531,0.42114819856537955
5,all_in,4,1.0,15,229,0.27510917030567683,0.5199589774320206,0.5225909292035493,0.9105511114340356,0.6827481286752224
5,equal,5,1.5,10,287,0.3588850174216028,0.5162090791251113,0.5188190345584751,1.1293210991603653,0.24212358542039247
3,equal,6,1.5,10,160,0.36875,0.5109927209630116,0.5135721421544135,1.0130795337548104,0.30050882467213086
5,equal,5,2.0,15,229,0.37554585152838427,0.4944516400623249,0.496934733347115,1.1057099818716647,0.2929588220642398
3,equal,6,2.0,10,134,0.39552238805970147,0.49360115214462064,0.49607931306230313,0.975853063638013,0.3023925363279866
2,equal,5,1.0,15,128,0.296875,0.4906955418317369,0.4931568669823754,0.9150686925665209,0.4145764498055052
2,equal,5,1.5,10,116,0.3793103448275862,0.4516961520185081,0.45393380261532146,0.8760556100404615,0.4126348826272299
2,all_in,6,1.5,10,95,0.37894736842105264,0.44268990517760565,0.44487651658490934,0.857764913825694,0.5243570795190478
3,all_in,5,1.5,15,133,0.2781954887218045,0.4426386847820507,0.44482500658567425,0.8522518451846424,0.5316027374733859
3,all_in,4,2.0,10,151,0.3841059602649007,0.44261279561207045,0.4447989710394009,0.8731124789376222,0.6044232693953556
5,equal,6,2.0,10,232,0.38362068965517243,0.4424369344873138,0.44462211565424403,1.038329581504734,0.22786642990454425
5,equal,4,2.0,10,262,0.4351145038167939,0.4294050368071771,0.4315167886269786,1.0094331940626815,0.27124123342546413
3,all_in,4,1.5,10,152,0.34868421052631576,0.4231348079262953,0.4252114052502236,0.8570392209310751,0.5274199710373684
3,all_in,5,1.5,10,156,0.3333333333333333,0.4133621909932541,0.415384226504496,0.8523429455126745,0.6672482955363193
2,equal,6,1.0,10,146,0.2876712328767123,0.4099732457612957,0.4119764258121854,0.8377369579281233,0.41737620237788464
5,equal,5,2.0,10,246,0.3943089430894309,0.4026600849467401,0.40462269136485474,0.9613099471652056,0.2844923995521969
2,equal,5,1.0,10,150,0.30666666666666664,0.38751190768648924,0.38939097647070064,0.8147760077325256,0.44823303840979895
2,equal,4,2.0,15,99,0.42424242424242425,0.3730976436124245,0.37489785998557346,0.7952463592020371,0.5037363354968392
5,equal,4,1.5,10,309,0.3818770226537217,0.36894156702617975,0.37071916429709995,0.9211638451083799,0.26250213474222217
3,equal,4,1.0,15,227,0.29955947136563876,0.34878090358079983,0.3504495249561812,0.8219145022601178,0.4089765180504586
5,equal,6,1.5,10,257,0.35019455252918286,0.3370575699176952,0.33866339678701207,0.9116539176613119,0.2261820938192108
5,all_in,5,1.5,10,216,0.3101851851851852,0.32359771600432485,0.32513197374260794,0.7817229006783297,0.6643688471934261
3,equal,4,1.5,10,186,0.3978494623655914,0.3078758162721482,0.3093271974472436,0.745935671126467,0.33012371514668387
5,equal,4,1.0,15,386,0.29533678756476683,0.2856949940938607,0.28703078840803653,0.7934094016221029,0.25969623480701415
5,equal,5,1.5,15,237,0.3333333333333333,0.27753829190468093,0.27883197897418466,0.7615453407593924,0.273818043815475
5,equal,6,1.0,15,298,0.24161073825503357,0.23381275529727663,0.23488444104322226,0.7004896843296291,0.2664813290502352
5,equal,4,1.0,10,404,0.3069306930693069,0.23166547408971172,0.2327264217085292,0.6834130578605387,0.22512348182694172
3,all_in,4,2.0,15,133,0.3308270676691729,0.2158761022729423,0.21685856959981065,0.6889225526553451,0.5777699414768986
2,all_in,4,2.0,15,89,0.3258426966292135,0.21518505666182142,0.21616410854930757,0.6884890651811704,0.5776522714118152
3,all_in,5,1.0,15,152,0.2631578947368421,0.21503712242091177,0.2160154433669117,0.6763175449473527,0.6460893236776067
2,equal,5,1.5,15,102,0.3333333333333333,0.210958588185979,0.21191678662698354,0.622438182966075,0.544405672368474
3,equal,5,1.5,15,149,0.3221476510067114,0.19531191228241496,0.1961934446654201,0.59861866035242,0.3966583043387325
3,equal,5,1.0,15,202,0.2623762376237624,0.17450013265647102,0.17528101072271318,0.5705526416251595,0.407985893338391
2,all_in,5,2.0,15,83,0.3373493975903614,0.16905929231051675,0.16981410762692106,0.6490423857329893,0.7898895466775238
5,equal,5,1.0,15,345,0.25217391304347825,0.1549137733840722,0.1556013219626844,0.5498975419730759,0.23833639481840943
5,all_in,5,1.5,15,196,0.30612244897959184,0.13507903057562554,0.13567347171291888,0.59736698840582,0.5852034520928274
2,all_in,4,2.0,10,109,0.44954128440366975,0.10953962661911065,0.11001630458172906,0.6213741000231493,0.7009899203602222
3,all_in,5,2.0,15,117,0.3504273504273504,0.10564935790695129,0.10610831048762837,0.5966445653077013,0.8009792619331974
2,all_in,4,1.5,10,114,0.3508771929824561,0.09723928254247349,0.09766011042549683,0.6075855446968886,0.6357888648834724
5,all_in,5,1.0,15,218,0.21559633027522937,0.09322491832116886,0.09362764243662158,0.5650707245957174,0.6688598198175454
5,equal,5,1.0,10,364,0.27197802197802196,0.07382547999541278,0.07414158391310632,0.3873407084566806,0.31411558264605177
3,all_in,5,1.0,10,192,0.2864583333333333,0.06114079314890897,0.0614010437443433,0.5594300398573367,0.6895892855350122
3,equal,6,1.0,10,210,0.26666666666666666,0.02364843313900966,0.023747305181426537,0.3487157995120489,0.35173955825902975
5,all_in,6,2.0,10,169,0.33727810650887574,0.013418868421704255,0.013474690212786244,0.4721420168626553,0.5519475626101442
2,equal,4,1.0,15,156,0.30128205128205127,-0.015784252151669453,-0.015848956719704654,0.3266878856254831,0.43444364750042574
5,all_in,4,1.5,10,225,0.3244444444444444,-0.03247046179223145,-0.03260242591631113,0.5057705180008419,0.6791779407549734
2,all_in,5,1.0,10,143,0.2727272727272727,-0.05507331150918149,-0.05529447629866757,0.48117206622909237,0.6991805548292945
3,all_in,5,2.0,10,136,0.3602941176470588,-0.060538819859972115,-0.060781219182713175,0.4310846634082778,0.7459155461140529
3,equal,5,1.0,10,225,0.28,-0.08094370738771528,-0.08126421188461641,0.16108207216378023,0.5062268232350661
3,equal,4,2.0,15,149,0.37583892617449666,-0.09002803025265749,-0.09038270534858073,0.1521307631311552,0.4591977764275195
2,all_in,5,1.5,15,101,0.25742574257425743,-0.09726095174107197,-0.0976425646112199,0.35783876096455025,0.6694194567997489
2,all_in,5,1.5,10,112,0.33035714285714285,-0.12351242639855886,-0.1239897747498202,0.384673708813242,0.6198682769720261
2,equal,4,1.5,15,107,0.3644859813084112,-0.12669752532672274,-0.1271862693940211,0.16322639576130069,0.478099208291926
2,all_in,4,1.0,15,146,0.2876712328767123,-0.1736246831323498,-0.1742756452882529,0.2309637094823567,0.6583739974929697
5,all_in,4,2.0,15,177,0.3389830508474576,-0.17554984853155986,-0.1762072338310895,0.2808212660025213,0.6136237787147831
5,all_in,6,1.5,10,212,0.3113207547169811,-0.1779092902139452,-0.17857452215813818,0.2803798247706326,0.7988095055905738
2,all_in,6,1.0,10,131,0.24427480916030533,-0.18214945849216846,-0.1828287210768803,0.3286106445821802,0.6888002049015669
3,all_in,6,1.0,10,169,0.25443786982248523,-0.1830325258220319,-0.18371469900925175,0.32737222090853646,0.6890187193386865
2,equal,4,1.0,10,164,0.31097560975609756,-0.1964733602746015,-0.1971993436293067,0.06671854451002898,0.5178073829922522
3,equal,4,1.0,10,250,0.304,-0.21222730851700022,-0.21300345394917664,-0.08391741322658891,0.5402342003165936
3,equal,4,2.0,10,160,0.4,-0.21857426981121375,-0.21937025696334156,-0.114279054650389,0.5813061762095697
3,all_in,6,1.0,15,142,0.2323943661971831,-0.22415212206490398,-0.224965370208132,0.19299903042793945,0.6529438841672565
2,equal,4,1.5,10,129,0.3798449612403101,-0.23111269281616054,-0.2319472475818053,0.027878605628220806,0.5592142816570982
2,all_in,5,1.0,15,126,0.23809523809523808,-0.251460893916316,-0.2523562289035671,0.1568125758246332,0.773060571159717
5,all_in,5,2.0,15,176,0.29545454545454547,-0.32314533461168093,-0.32423608907931833,0.08460883412467077,0.8957460060808619
2,all_in,6,2.0,10,85,0.32941176470588235,-0.33382059039600354,-0.33493783259439003,-0.03907872688487519,0.68694687426915
2,all_in,4,1.5,15,103,0.34951456310679613,-0.33401006153945023,-0.3351277674917841,0.020265434121600315,0.6645522365052708
3,all_in,4,1.0,15,170,0.2823529411764706,-0.33600869977607795,-0.33713128402884585,-0.005522232096051171,0.7370081476664062
5,all_in,6,1.0,10,216,0.25462962962962965,-0.3366490349031678,-0.33777317682627783,0.128314106661807,0.7252172837829598
5,all_in,5,2.0,10,198,0.3434343434343434,-0.3474181074051653,-0.34856806043906907,0.019424993534975676,0.8351291512277603
3,all_in,4,1.0,10,210,0.28095238095238095,-0.36555153841223365,-0.36674328365952213,0.10830805091836561,0.7423456175219965
5,all_in,4,1.5,15,205,0.32195121951219513,-0.372255800629394,-0.37346245692528834,-0.049913178673546985,0.6294394616971987
3,all_in,4,1.5,15,140,0.2857142857142857,-0.3736050746251601,-0.3748146961184149,-0.07174495157931746,0.6846467083767198
5,all_in,5,1.0,10,246,0.25203252032520324,-0.4474197048170536,-0.4487724537762383,-0.06543662478316818,0.7297290363525565
2,all_in,4,1.0,10,150,0.3,-0.5084286052351588,-0.5098690051889158,-0.11383937044939611,0.8268914333197899
5,all_in,4,1.0,10,244,0.29098360655737704,-0.5150119698865381,-0.5164600203749028,-0.17278360235708562,0.7951713144437653
2,all_in,5,2.0,10,104,0.3269230769230769,-0.5210452820435468,-0.5225000193121162,-0.26238472981385985,0.8701957330361432
5,all_in,4,2.0,10,195,0.38461538461538464,-0.5287458563027703,-0.5302086709343936,-0.2312347244616686,0.8127122245127276
3,all_in,6,2.0,10,116,0.3706896551724138,-0.5385660458366022,-0.5400384048714626,-0.45896388054083326,0.7775114066034676
