preset,atr_tp_mult,atr_sl_mult,max_hold,trades,win_rate,total_return,cagr,sharpe,max_dd,tp_count,sl_count,time_count,profit_factor,avg_net_return,exposure
chase_v1_atr_tp4_sl1,6.0,1.0,18,64,0.296875,0.9502464271211373,0.9556368309968009,1.153171196451782,0.647782230583159,16,45,2,1.1431112020427558,0.021718076275304685,0.9911314074699158
chase_v1_atr_tp4_sl1,6.0,1.5,10,48,0.3958333333333333,0.8866016200181401,0.8915567587410471,1.1552794227723084,0.45814183858162943,9,25,13,1.2332682186108863,0.024010382472075698,0.9909389939364757
chase_v1_atr_tp4_sl1,6.0,1.0,15,63,0.2857142857142857,0.39024272348180156,0.3921368013370736,0.8188564632525336,0.6305792251509007,14,45,3,1.0902428829286503,0.01595631047283778,0.9909611620492266
chase_v1_atr_tp4_sl1,10.0,1.0,18,43,0.27906976744186046,0.31205945225845877,0.31353281081708384,0.7554941303231276,0.5229057122619207,5,31,6,1.1147064759530978,0.0197658855576253,0.99089677186919
chase_v1_atr_tp4_sl1,6.0,2.0,15,42,0.38095238095238093,0.15807112654272704,0.15877362735459344,0.6071285546926883,0.5081185773451476,10,25,6,1.055241578335423,0.017775536903918497,0.9911107734728197
chase_v1_atr_tp4_sl1,8.0,1.5,18,35,0.37142857142857144,0.09578196168756059,0.09619621036171466,0.5581529517897501,0.5882659814690108,5,22,7,1.0284476244807998,0.01543761543485311,0.9911683250419465
chase_v1_atr_tp4_sl1,12.0,1.0,18,37,0.2972972972972973,-0.016716188039335278,-0.01678468023017121,0.4396709458525858,0.5374509356763729,2,26,8,0.9929032120564757,0.012569790024241011,0.9909337074100073
chase_v1_atr_tp4_sl1,6.0,1.0,10,75,0.26666666666666666,-0.03288999509105173,-0.033023634988590955,0.5061500982275903,0.6476326053637353,15,54,5,0.992852756443914,0.009742760128884207,0.9901406527481798
chase_v1_atr_tp4_sl1,6.0,1.5,15,47,0.3404255319148936,-0.039870165867366025,-0.04003157614915587,0.3924091715472752,0.6281180355646787,10,29,7,0.9869765101902509,0.009875495649196014,0.9905996331475815
chase_v1_atr_tp4_sl1,8.0,1.5,10,49,0.3469387755102041,-0.11060563686493874,-0.11103631747235065,0.3586460502619207,0.4916668935812094,5,29,14,0.961418643726228,0.008977260663961402,0.9902581311900688
chase_v1_atr_tp4_sl1,6.0,1.5,18,40,0.325,-0.12137572468378777,-0.12184540138574607,0.27156768519912156,0.6464656846822044,9,27,3,0.9683439266652714,0.0073361945743240535,0.9908864488325795
chase_v1_atr_tp4_sl1,8.0,1.0,18,56,0.23214285714285715,-0.1770576054845081,-0.17772000826900114,0.2620487944567542,0.6978357281363193,9,43,3,0.9472152608457752,0.00810528900203215,0.9906285559693113
chase_v1_atr_tp4_sl1,8.0,1.0,10,57,0.2982456140350877,-0.2252909304599554,-0.2261076823189322,0.22240059706544885,0.5254682536593587,4,39,13,0.8961005201893321,0.004449198011137498,0.9905271350874638
chase_v1_atr_tp4_sl1,8.0,2.0,15,37,0.35135135135135137,-0.24954133580991789,-0.2504310340371745,0.11014339469115135,0.6347698493069578,5,22,9,0.9073746692593294,0.005541711153121421,0.9904703120062323
chase_v1_atr_tp4_sl1,10.0,1.0,15,46,0.2608695652173913,-0.2913449312422898,-0.29235268983617235,0.02111647836039099,0.5491780752188665,3,34,8,0.8414826629174634,0.001501528197969692,0.9900930764892328
chase_v1_atr_tp4_sl1,12.0,1.0,15,41,0.2926829268292683,-0.3303074821525075,-0.33141608521186283,-0.04784350595351544,0.5429304743498138,1,29,10,0.8005848731368538,-0.002241732461188983,0.9902612511949586
chase_v1_atr_tp4_sl1,6.0,2.0,10,47,0.3191489361702128,-0.33744206995297177,-0.33856813745278014,-0.04306586847190014,0.6880409498800379,8,27,11,0.8695536495926806,0.0030502191553960136,0.9894460606921373
chase_v1_atr_tp4_sl1,10.0,1.5,10,49,0.2857142857142857,-0.3465169124150388,-0.3476647335374998,-0.01000043263091752,0.6628385546813438,3,31,14,0.8830496945115527,0.003831917441526185,0.9898990743652304
chase_v1_atr_tp4_sl1,8.0,1.0,15,58,0.22413793103448276,-0.3754934178217446,-0.3767071689682483,-0.045418375878023054,0.7064148500296775,8,45,4,0.857314856998987,0.002156847653259919,0.9902675289999263
chase_v1_atr_tp4_sl1,12.0,1.0,10,57,0.2631578947368421,-0.4106334072534673,-0.4119196140367286,-0.0523704751423567,0.7080832793123587,2,41,13,0.7755010141858957,0.00031541889102076355,0.99000672251358
chase_v1_atr_tp4_sl1,8.0,1.5,15,46,0.30434782608695654,-0.43747458410284357,-0.43881031612849464,-0.15676477692017515,0.7049973971708591,6,30,9,0.8446527929384738,-0.0015699516407774,0.9906247670132285
chase_v1_atr_tp4_sl1,12.0,1.5,10,48,0.2916666666666667,-0.46263116644057223,-0.4640085056034602,-0.21788034560612135,0.6627034580093751,2,30,15,0.8008180279291964,-0.0012748762281091577,0.9897492138027859
chase_v1_atr_tp4_sl1,10.0,1.5,15,43,0.2558139534883721,-0.4756695810062631,-0.47706658085311404,-0.19959209288108692,0.7149610039893788,4,31,7,0.8380534945481052,-0.0024429136420703918,0.9903266604325578
chase_v1_atr_tp4_sl1,10.0,1.0,10,59,0.2542372881355932,-0.5005363720495843,-0.5019671200867928,-0.2356129884201584,0.7222253445753446,2,43,13,0.7254475473180623,-0.002892936171576979,0.9889021174696463
chase_v1_atr_tp4_sl1,6.0,2.0,18,48,0.2916666666666667,-0.5931081051057486,-0.5946172019100338,-0.4776837900953127,0.835928066596558,11,33,3,0.8411116269370514,-0.005784351290927174,0.9898248739511402
chase_v1_atr_tp4_sl1,8.0,2.0,10,46,0.30434782608695654,-0.5942008472682994,-0.5957103839122299,-0.5116303059153675,0.7907209752190176,4,28,13,0.806834423999373,-0.007447730253387192,0.9900135186768755
chase_v1_atr_tp4_sl1,12.0,1.5,15,37,0.2972972972972973,-0.6186617686120817,-0.6201779044863361,-0.6487671555806462,0.7556634426623807,1,25,10,0.6768379851003692,-0.018379289764465852,0.9897281099536108
chase_v1_atr_tp4_sl1,10.0,2.0,10,44,0.29545454545454547,-0.6524178274380628,-0.6539323237362745,-0.7283526872759317,0.7964982427859498,2,27,14,0.7121537093443503,-0.012843093577214056,0.9891800798125299
chase_v1_atr_tp4_sl1,8.0,2.0,18,38,0.2894736842105263,-0.6665111208910715,-0.6680209958508796,-0.7215194940217391,0.8753717780414457,4,26,7,0.775757966058925,-0.01768197178746311,0.9900530771946355
chase_v1_atr_tp4_sl1,12.0,1.5,18,36,0.25,-0.6925185752855514,-0.6940133817702795,-0.9023263909504398,0.8031287406846022,1,27,7,0.6504900421624483,-0.021989050510582978,0.9897434313571741
chase_v1_atr_tp4_sl1,10.0,1.5,18,37,0.24324324324324326,-0.7420721356339925,-0.743512362769408,-1.1330846028670416,0.8032610894744644,1,28,7,0.5871023960802763,-0.027724698842970096,0.9902279525095912
chase_v1_atr_tp4_sl1,12.0,2.0,10,42,0.2619047619047619,-0.7612581795109841,-0.7626670935286904,-1.1630260233028646,0.8668515726493725,1,26,14,0.5633353079750841,-0.024472756366179082,0.9886556541111877
chase_v1_atr_tp4_sl1,10.0,2.0,18,33,0.2727272727272727,-0.8023701499550981,-0.8036898111379349,-1.4351404049066605,0.8615678120814678,0,23,9,0.48401888375489593,-0.04246619407286023,0.989206381648876
chase_v1_atr_tp4_sl1,12.0,2.0,18,33,0.2727272727272727,-0.8023701499550981,-0.8036898111379349,-1.4351404049066605,0.8615678120814678,0,23,9,0.48401888375489593,-0.04246619407286023,0.989206381648876
chase_v1_atr_tp4_sl1,10.0,2.0,15,37,0.24324324324324326,-0.8514770407982752,-0.8526428365149816,-1.690953685759065,0.852124242474296,1,27,8,0.3767162154401747,-0.04307716541457342,0.9879222439326819
chase_v1_atr_tp4_sl1,12.0,2.0,15,35,0.2571428571428571,-0.8625482394763452,-0.8636707817280972,-1.8341683241365954,0.8666126553432334,0,25,9,0.347613366176369,-0.050141496459334016,0.9879069918519917
