entry_date,exit_date,thscode,exit_reason,entry_price,exit_price,size,hold_days,gross_pnl,fees,net_pnl,net_return,atr_pct,sub_signal_type
2025-09-22,2025-09-23,600162.SH,SL,2.6951785714285723,2.4855535714285724,185500,1,-38885.43749999999,470.7915468750002,-39356.22904687499,-0.07869976950206889,0.0444338270425227,AB
2025-09-22,2025-09-24,603843.SH,SL,4.7,4.416267281105991,106300,2,-30160.78801843314,476.98940898617514,-30637.777427419314,-0.06130806008175367,0.04024577572964669,ABC
2025-09-23,2025-09-25,603618.SH,SL,11.12,10.0,41400,2,-46367.99999999997,425.592,-46793.59199999997,-0.10161848027201827,0.04457862281603289,A
2025-09-24,2025-09-25,002925.SZ,SL,22.242793240556665,19.96908548707754,20800,1,-47293.121272365825,427.1802584493043,-47720.30153081513,-0.10311977561165266,0.032229155602761586,A
2025-09-25,2025-10-22,600857.SH,SL,16.17294003868472,14.956479690522245,25800,13,-31384.67698259189,393.72334526112195,-31778.40032785301,-0.07614033606271677,0.03864999577595671,A
2025-09-25,2025-10-29,000691.SZ,time,8.304927176944531,8.653548187170747,50300,18,17535.63681437866,430.8895646110939,17104.747249767566,0.04093589475765382,0.04134601930880088,AB
2025-10-29,2025-11-07,603232.SH,TP,21.09,27.902502733646358,19500,7,132843.80330610398,510.8878524795781,132332.9154536244,0.3216978285820258,0.053836753071332066,AC
2025-10-22,2025-11-11,605580.SH,TP,32.66650036683785,42.05064877895398,11800,14,110732.95126297028,468.51441777591435,110264.43684519436,0.28598436222007156,0.047878551965745426,A
2025-11-11,2025-11-13,002451.SZ,TP,12.305333333333335,14.852061266224284,41300,2,105179.8636283962,587.0951643879639,104592.76846400823,0.2057546524849945,0.0344935520220358,AC
2025-11-07,2025-11-21,605178.SH,SL,74.32,64.0,6900,10,-71207.99999999996,459.40200000000004,-71667.40199999996,-0.13971991393970662,0.06470864661654135,AB
2025-11-21,2025-12-01,000609.SZ,SL,12.4,11.59,42100,6,-34101.00000000002,496.46425,-34597.46425000002,-0.06625702445356406,0.03680875576036866,AB
2025-12-01,2025-12-03,000078.SZ,TP,3.4,4.2,143500,2,114800.00000000004,574.0,114226.00000000004,0.2340591322757547,0.03886554621848739,A
2025-11-13,2025-12-08,603122.SH,TP,21.0,29.16,27300,17,222768.0,740.376,222027.624,0.3871832041989503,0.06353551873711157,A
2025-12-08,2025-12-09,000078.SZ,SL,5.64,4.81,126800,1,-105244.00000000001,636.219,-105880.21900000001,-0.14801574429087766,0.04955441533891439,A
2025-12-09,2025-12-10,002589.SZ,SL,4.426484126984127,3.846944444444444,153900,1,-89191.15714285715,614.3425392857141,-89805.49968214286,-0.1317943651784571,0.042948522692659155,A
2025-12-03,2025-12-12,002519.SZ,TP,5.74,7.117268128161889,104900,7,144475.42664418215,710.4825699831367,143764.944074199,0.23870255033206286,0.03999036376776681,ABC
2025-12-12,2025-12-19,603601.SH,TP,7.994719471947195,10.15069939668342,86400,5,186276.66549720982,830.4512614991451,185446.21423571068,0.2684061360638951,0.044945915703095855,AC
2025-12-19,2025-12-22,001270.SZ,SL,77.77149425287357,73.45620670453944,10100,1,-43584.40423817468,752.803788775392,-44337.208026950066,-0.05643102833162674,0.036991167434715824,AB
2025-12-10,2026-01-05,600973.SH,TP,6.37,7.9108588957055215,94100,16,144994.82208588955,708.1631165644171,144286.65896932513,0.2406514935683257,0.04031551270815075,A
2026-01-05,2026-01-13,002969.SZ,TP,12.73,18.24,63700,6,350986.9999999999,1074.14125,349912.8587499999,0.4314033431940521,0.053768900925299026,AB
2025-12-22,2026-01-19,002853.SZ,time,21.17,22.14,35700,18,34628.999999999956,781.74075,33847.25924999996,0.044773997809003055,0.05158730158730159,AB
2026-01-13,2026-01-29,002718.SZ,TP,59.74,80.18703998789773,17000,12,347599.67979426146,1276.2797598456962,346323.40003441577,0.34092522580614987,0.057044526246785326,A
2026-01-29,2026-01-30,603132.SH,SL,21.529119141110392,18.869525523137334,59400,1,-157979.86090759968,1160.3447813012576,-159140.20568890093,-0.12441096218280857,0.047951822748937244,A
2026-01-19,2026-02-02,605287.SH,TP,38.604686206896545,50.97147080657545,25800,10,319063.04267171567,1235.2981861417177,317827.74448557396,0.31902411542863274,0.05339068825910929,ABC
2026-02-02,2026-02-05,601388.SH,SL,4.121019553072626,3.8231491437902623,312400,3,-93054.71585981055,1217.6154714850306,-94272.33133129557,-0.07320824349227219,0.04818717074682366,AB
2026-01-30,2026-02-09,002440.SZ,TP,11.299310344827585,14.01736688472573,106700,6,290016.63280713203,1423.1488883984525,288593.4839187336,0.23931041753509202,0.040091776355512615,A
2026-02-09,2026-02-12,601599.SH,SL,5.15,4.7557100085543205,269000,3,-106064.00769888789,1305.8019942258343,-107369.80969311373,-0.0774843714221145,0.05104077559167379,A
2026-02-12,2026-02-25,605287.SH,SL,60.62883448275861,51.939034482758615,21900,3,-190306.61999999997,1185.0415101724136,-191491.6615101724,-0.14418429988878398,0.0724316506485024,A
2026-02-05,2026-03-04,600149.SH,TP,5.77,6.8838247298919555,211300,13,235351.16542617028,1395.7143740696276,233955.45105210066,0.19184447585582579,0.03217286914765906,AC
2026-03-04,2026-03-05,002980.SZ,SL,34.98,33.165934520413984,41600,1,-75465.12395077814,1398.5691570369163,-76863.69310781505,-0.052807979551033446,0.0345733844022492,A
2026-03-05,2026-03-06,603318.SH,SL,10.09,9.31,136600,1,-106547.99999999991,1298.383,-107846.38299999991,-0.0782267267672675,0.034676663542642906,A
2026-03-06,2026-03-10,600236.SH,SL,10.596102,9.898510086919105,119900,2,-83641.27037839936,1207.7416770162004,-84849.01205541556,-0.06676869939141723,0.04388984509466438,AB
2026-02-25,2026-03-11,605289.SH,TP,71.47987383397088,98.2732203013966,16700,10,447448.88600600953,1529.3005575318211,445919.5854484777,0.37346313552951443,0.06247293825592472,A
2026-03-11,2026-03-24,001258.SZ,TP,9.389585714285712,11.487441675732123,151200,9,317195.8213706974,1657.6022260280229,315538.21914466936,0.2222005799189861,0.03723728297289064,A
2026-03-10,2026-03-27,002047.SZ,SL,5.38,4.88,220400,13,-110200.0,1103.102,-111303.102,-0.09384363946188173,0.04060573572768695,AB
2026-03-27,2026-03-30,600758.SH,SL,5.53,5.070667752442997,262200,1,-120436.91530944624,1359.6383135179155,-121796.55362296416,-0.08397859818433014,0.05537459283387621,AB
2026-03-24,2026-04-16,603687.SH,TP,14.96726992287918,18.958541902313627,105500,16,421079.19383033423,1894.8563722365043,419184.3374580977,0.2654003165875198,0.041751527494908396,A
2026-04-16,2026-04-17,600664.SH,SL,4.7,4.25,367700,1,-165465.00000000006,1604.09125,-167069.09125000006,-0.09664871016288484,0.04987129987129988,AC
2026-03-30,2026-04-23,603115.SH,TP,42.570413978933615,58.1935220596863,31200,17,487440.9721194838,1693.7776452323417,485747.1944742515,0.36562785391609737,0.06116575112660768,A
2026-04-23,2026-04-27,002647.SZ,SL,12.55,11.524079352411356,150200,2,-154093.28126781448,1769.4400390491394,-155862.72130686362,-0.08266468897540186,0.054497776764337,ABC
2026-04-27,2026-05-13,605365.SH,SL,30.08086900958466,27.13099041533546,59500,9,-175517.77635782736,1658.173373801917,-177175.94973162928,-0.09896664895763592,0.05676334161083259,C
2026-04-17,2026-05-15,605098.SH,SL,60.81447728267965,57.20486638252737,27100,17,-97820.4553941267,1574.7069928150233,-99395.16238694172,-0.06029487767934738,0.03956964483280273,AB
2026-05-13,2026-05-18,603045.SH,SL,72.03695117090184,66.77332004239746,22900,3,-120537.15284275044,1559.2433171815894,-122096.39615993203,-0.07399518820199856,0.04871232557688203,AB
2026-05-15,2026-05-18,603203.SH,SL,49.34169711827559,45.467739686651285,31600,1,-122417.05483932803,1467.3848378080127,-123884.43967713605,-0.0794341102176105,0.052341902256802464,AB
2026-05-18,2026-05-27,002886.SZ,TP,26.92644387940429,34.75,55000,7,430295.58663276414,1803.676103341809,428491.91052942234,0.28926266092946457,0.035544528597545026,AC
2026-05-27,2026-05-29,002718.SZ,SL,93.71,85.27858211014237,18000,2,-151765.5220174373,1572.955858486922,-153338.4778759242,-0.09088331189468382,0.059982341904867016,A
2026-05-29,2026-06-01,603989.SH,SL,36.95408062930187,34.02835458706416,45100,1,-131950.24450492085,1567.6663530028238,-133517.91085792368,-0.08009253217669038,0.052781289506953225,A
2026-05-18,2026-06-02,001210.SZ,TP,20.353822019395324,25.56571714565558,72900,11,379947.15470437263,1768.7539912421985,378178.4007131304,0.2548089392746152,0.0426774483378257,AC
2026-06-01,2026-06-02,603303.SH,SL,28.83061609907121,24.87891021671827,56300,1,-222481.0411764705,1456.3029054953563,-223937.34408196586,-0.13792901826072157,0.06353618584334361,A
2026-06-02,2026-06-04,605277.SH,SL,20.882083333333334,19.509588761932513,78100,2,-107191.82602640416,1550.49683881353,-108742.32286521769,-0.06665998127507751,0.04381729381729379,AC
2026-06-04,2026-06-08,002404.SZ,SL,7.35,6.901490066225165,207100,2,-92886.4072847683,1452.5201945364238,-94338.92747930472,-0.06196050325167059,0.040681173131504274,A
2026-06-02,2026-06-09,600162.SH,TP,2.9048035714285723,3.834227023343586,561700,5,522057.1529406632,2023.1710307769265,520033.9819098863,0.31864123010343337,0.05332681017612526,AB
2026-06-08,2026-06-11,603135.SH,SL,14.28,13.03,100000,3,-125000.0,1334.25,-126334.25,-0.08844725093236495,0.04933306180633338,A
2026-06-09,2026-06-22,000608.SZ,TP,5.8,8.093519882179676,321700,8,737825.3460972017,2419.2290095729013,735406.1170876288,0.39403937675374967,0.06590574374079529,AB
2026-06-22,2026-06-23,603139.SH,SL,45.21,41.02392857142857,46700,1,-195489.53571428583,1964.689848214286,-197454.22556250013,-0.0934988963442617,0.06172780990299239,A
2026-06-23,2026-06-29,603261.SH,TP,44.39,60.0,44600,4,696206.0,2501.9485,693704.0515,0.3503044603796111,0.05118869136860142,AB
2026-06-29,2026-07-02,603065.SH,SL,20.81,18.0,116900,3,-328488.9999999998,2186.3222499999997,-330675.32224999985,-0.13589598756005372,0.07409192638025588,A
2026-06-11,2026-07-08,003043.SZ,time,80.99,98.45,19600,18,342216.0000000002,1844.0660000000003,340371.9340000002,0.21436689228729994,0.05573454128249356,A
2026-07-02,2026-07-10,001229.SZ,TP,36.17,48.26816420450152,65600,6,793639.5718152993,2967.9816788614744,790671.5901364379,0.3331464778634796,0.05574677082527652,A
2026-07-08,2026-07-13,603722.SH,SL,41.0,36.35,56600,3,-263189.99999999994,2123.2075,-265313.20749999996,-0.11430099792125138,0.06689265536723166,AC
2026-07-13,2026-07-15,603137.SH,TP,25.53,32.95790066755674,100900,2,749475.1773564753,3138.083383017357,746337.0939734579,0.28965730529984324,0.0484913217623498,ABC
2026-07-15,2026-07-17,603137.SH,SL,32.88,28.85,91300,2,-367939.0000000001,2725.98975,-370664.9897500001,-0.12344412376224681,0.05596010415287524,AC
2026-07-10,2026-07-21,000518.SZ,SL,3.87,3.5831793770139635,682800,7,-195841.1213748658,2495.555158968851,-198336.67653383463,-0.07503951079899199,0.0494092373791622,ABC
2026-07-17,2026-07-21,601199.SH,SL,6.06,5.636552795031055,462800,2,-195971.36645962746,2657.5894751552796,-198628.95593478275,-0.0708056681481804,0.046583850931676996,A
2026-07-21,2026-07-22,603519.SH,SL,16.6,14.26,156600,1,-366444.00000000023,2324.727,-368768.72700000025,-0.14182267686090536,0.05845420812953279,A
2026-07-22,2026-07-23,002293.SZ,SL,11.227546012269938,10.544723926380367,198700,1,-135676.74846625773,2129.1558312883435,-137805.90429754608,-0.06175562972853662,0.036347197106690765,AB
2026-07-21,2026-08-14,600267.SH,time,12.17,14.18,213500,18,429134.99999999994,2920.14625,426214.85374999995,0.16399536106113158,0.04859437751004014,AC
2026-07-23,2026-08-17,600750.SH,SL,24.45910861099091,23.074964326925056,85600,17,-118482.75071603715,2004.837634063794,-120487.58835010094,-0.05753331012484974,0.03772675736961449,C
2026-08-14,2026-08-21,600721.SH,SL,13.61,12.492706157635467,184300,5,-205917.25514778326,2353.8850586391627,-208271.14020642242,-0.08301127304380801,0.05472906403940886,AB
2026-08-21,2026-08-24,600127.SH,SL,9.39,8.35,245000,1,-254800.00000000023,2109.45,-256909.45000000024,-0.1116451451567354,0.04501661129568107,A
2026-08-24,2026-08-28,600613.SH,TP,9.32,12.53,219200,4,703631.9999999998,2570.6679999999997,701061.3319999998,0.34307651627865554,0.05682539682539681,AB
2026-08-28,2026-08-31,002412.SZ,SL,13.81,11.84,196600,1,-387302.0000000001,2424.5695,-389726.5695000001,-0.1435073889022314,0.05201752598328918,AB
2026-08-31,2026-09-01,600479.SH,SL,12.8,12.04,183900,1,-139764.0000000003,2249.0969999999998,-142013.0970000003,-0.0603153899025245,0.03311542171257099,A
2026-08-17,2026-09-10,601886.SH,time,11.96,12.96,208100,18,208100.0,2644.951,205455.049,0.0825286989289467,0.04516717325227964,AC
2026-09-01,2026-09-10,002855.SZ,SL,17.4,15.58,127100,7,-231321.9999999998,2038.0485,-233360.0484999998,-0.10549287965364973,0.04006211180124223,AC
2026-09-10,2026-09-11,600865.SH,SL,16.44,14.51,142100,1,-274253.00000000023,2130.4342500000002,-276383.4342500002,-0.11827897648458942,0.046705114871891835,A
2026-09-10,2026-09-11,000798.SZ,SL,12.16,11.202651933701658,192200,1,-184002.2983425414,2199.1502762430937,-186201.44861878452,-0.07965032222607331,0.05248618784530387,A
2026-09-11,2026-09-14,000523.SZ,SL,4.46,3.79,472200,1,-316373.99999999994,1868.7315000000003,-318242.73149999994,-0.15107377864054164,0.058295964125560554,A
2026-09-14,2026-09-16,000978.SZ,SL,10.33,8.79,173100,2,-266574.0000000002,1588.1924999999997,-268162.1925000002,-0.14993105547427288,0.049717759444203216,A
2026-09-16,2026-09-17,002912.SZ,SL,25.61,23.38,59300,1,-132239.00000000003,1419.4937499999999,-133658.49375000002,-0.0879880576517331,0.036580466984684916,A
2026-09-11,2026-09-18,002856.SZ,eod,22.95,23.2,91700,5,22925.0,2121.70875,20803.291250000002,0.009882605601322982,0.06737394061337725,C
2026-09-17,2026-09-18,001378.SZ,eod,22.28,23.57,62200,1,80237.99999999994,1445.9945,78792.00549999994,0.05684182634772183,0.03370288248337028,A
