start,end,trades,win_rate,total_return,cagr,sharpe,max_dd,avg_hold_days,max_hold_days,tp_count,sl_count,time_count,signals
2024-09-01,2024-11-01,23,0.2608695652173913,0.011106628978838629,0.0731867008170417,0.5403138425305358,0.3708255194234045,3.130434782608696,10,6,16,0,3795
2024-11-01,2025-01-01,37,0.10810810810810811,-0.7480080535261804,-0.9995858682060399,-8.329302585943276,0.7665182154649823,2.2162162162162162,10,2,32,1,3865
2025-01-01,2025-03-01,20,0.3,-0.1724941402524116,-0.7214168946752249,-1.0657904834935148,0.3580049731441818,3.4,10,3,14,3,1362
2025-03-01,2025-05-01,27,0.2962962962962963,-0.03587222532245349,-0.19051781513154642,0.21187667878739663,0.33492769137880174,2.962962962962963,10,6,18,2,2511
2025-05-01,2025-07-01,24,0.4166666666666667,0.4668563084529809,9.251903406869898,3.5771428793421935,0.1637142718865781,3.1666666666666665,10,8,12,2,1877
2025-07-01,2025-09-01,31,0.25806451612903225,-0.1560305547073998,-0.5999039082812949,-0.9360608963121396,0.37184911310205865,2.774193548387097,10,5,21,3,2411
2025-09-01,2025-11-01,21,0.38095238095238093,-0.018673422736724343,-0.11081487724526407,0.13022314093471293,0.23369796468428333,3.5238095238095237,10,2,13,4,1935
2025-11-01,2026-01-01,22,0.4090909090909091,0.3765643338519209,5.086416800350113,2.7071612588702787,0.3150859902138158,3.727272727272727,10,6,11,3,2015
2026-01-01,2026-03-01,15,0.4,0.16750661543211098,2.0248687239410015,1.871933072102749,0.22106165663030322,4.266666666666667,10,3,8,2,1997
2026-03-01,2026-05-01,19,0.3157894736842105,-0.14698651825256182,-0.592788040956765,-1.2407311825906004,0.2099106007714918,4.315789473684211,10,2,12,3,1406
2026-05-01,2026-07-01,19,0.3684210526315789,0.3570821912157194,5.3911994306751065,3.7805982748203206,0.13159246188665397,4.0,10,4,10,3,1347
2026-07-01,2026-09-01,20,0.35,0.38413938784672097,4.785901923687065,3.3353019384620524,0.2282425170459186,4.3,10,4,11,4,473
